Public_Service_ID,Type,Date_time,First_Name,Last_Name
1001,Police,2022-10-01,Crystie,Gilpin
1002,Disaster Management,2022-04-29,Kirsteni,Burbank
1003,Police,2023-03-10,Marilyn,Brislawn
1004,Disaster Management,2023-06-11,Niccolo,Mew
1005,Disaster Management,2023-05-02,Gypsy,Pinson
1006,Fire & Rescue,2023-12-31,Mohandas,Nisard
1007,Fire & Rescue,2022-03-07,Hester,Smedley
1008,Disaster Management,2023-11-03,Ellis,McArtan
1009,Disaster Management,2023-01-27,Vinita,Du Hamel
1010,Fire & Rescue,2023-10-11,Raimondo,Flanaghan
1011,Fire & Rescue,2022-05-21,Therese,Quiddington
1012,Police,2022-04-07,Jeremy,Aneley
1013,Medical,2023-10-17,Mannie,Edmeads
1014,Disaster Management,2023-08-19,Horst,Filipyev
1015,Fire & Rescue,2022-06-19,Bibby,Kleisel
1016,Fire & Rescue,2023-10-05,Jill,Lecointe
1017,Medical,2022-04-10,Samuele,Hatz
1018,Fire & Rescue,2023-08-03,Ailina,Bariball
1019,Fire & Rescue,2022-04-07,Venus,Willimott
1020,Disaster Management,2022-11-09,Teirtza,Crollman
1021,Police,2023-09-18,Rozanna,Suckling
1022,Medical,2023-09-02,Yurik,Kydde
1023,Police,2023-06-18,Tatiana,Egalton
1024,Disaster Management,2023-05-09,Gabie,Beevens
1025,Police,2023-10-20,Helaine,Fancutt
1026,Police,2023-10-22,Wilmette,Gilbeart
1027,Police,2022-12-09,Christine,Buzine
1028,Medical,2022-04-10,Maegan,Cello
1029,Medical,2023-10-08,Katrine,Lavelle
1030,Police,2023-11-16,Shalom,Moxham
1031,Medical,2023-06-28,Ronda,Badwick
1032,Medical,2022-06-16,Rachel,Dearle
1033,Police,2023-11-02,Ray,Boichat
1034,Medical,2022-04-20,Hillyer,Stanfield
1035,Disaster Management,2022-08-07,Britney,Gaw
1036,Disaster Management,2022-07-20,Marnia,Lamprey
1037,Fire & Rescue,2022-12-18,Thayne,McGannon
1038,Fire & Rescue,2022-04-23,Steven,Elloit
1039,Medical,2022-03-31,Vasily,Prose
1040,Police,2023-08-19,Stevie,Biggs
1041,Police,2023-08-18,Lester,Mynott
1042,Fire & Rescue,2023-12-17,Meghann,Clabburn
1043,Disaster Management,2024-01-08,Jamima,Jennaway
1044,Fire & Rescue,2023-04-29,Lurleen,Shinefield
1045,Fire & Rescue,2022-10-18,Demetra,Cheeke
1046,Disaster Management,2022-07-05,Hilly,Quernel
1047,Disaster Management,2023-01-22,Efrem,Lampaert
1048,Fire & Rescue,2023-02-05,Aldon,Rapps
1049,Police,2023-04-27,Evangelin,Ferraraccio
1050,Medical,2023-07-02,Ogden,Farraway
1051,Medical,2023-10-08,Nolana,Jaques
1052,Police,2023-05-15,Albrecht,Jendricke
1053,Police,2024-01-10,Linn,Corpes
1054,Disaster Management,2023-09-10,Latisha,Mitchenson
1055,Disaster Management,2022-07-18,Danie,Sinott
1056,Disaster Management,2022-08-10,Faustine,Milhench
1057,Disaster Management,2022-05-18,Marice,Maudson
1058,Disaster Management,2022-11-24,Tabbie,Lampard
1059,Disaster Management,2022-04-06,Arlen,Grumell
1060,Medical,2022-03-01,Duke,Gummory
1061,Fire & Rescue,2023-01-29,Von,Tredgold
1062,Fire & Rescue,2023-01-18,Woodman,Side
1063,Medical,2023-09-21,Byrann,Keilty
1064,Disaster Management,2022-12-23,Sam,Eykelhof
1065,Medical,2022-02-04,Kirbie,Axleby
1066,Fire & Rescue,2023-04-28,Tait,Zambon
1067,Fire & Rescue,2022-03-24,Saraann,Cuthbertson
1068,Medical,2023-09-17,Rosabel,Glowacki
1069,Fire & Rescue,2022-06-29,Mommy,Beedham
1070,Fire & Rescue,2022-05-04,Jennine,Moody
1071,Fire & Rescue,2022-02-04,Ely,Illston
1072,Police,2022-09-13,Hale,Simonnot
1073,Medical,2022-08-07,Kean,Sambedge
1074,Medical,2023-02-20,Reube,Hexter
1075,Medical,2022-11-15,Appolonia,Cordelet
1076,Fire & Rescue,2023-12-04,Petronia,Oades
1077,Fire & Rescue,2022-09-12,Gerardo,Bartosinski
1078,Police,2022-02-12,Killian,Fonte
1079,Medical,2023-03-11,Hinda,Jarmyn
1080,Police,2022-05-14,Nancey,Mantrup
1081,Police,2022-07-13,Friedrich,Burless
1082,Disaster Management,2022-01-30,Filmer,Penson
1083,Fire & Rescue,2023-10-19,My,Demageard
1084,Police,2022-02-17,Estevan,Cissell
1085,Fire & Rescue,2022-12-18,Mercedes,Volkers
1086,Medical,2022-07-15,Maximo,Somerled
1087,Disaster Management,2023-03-12,Grenville,Fulkes
1088,Medical,2023-03-26,Dalis,Ianilli
1089,Disaster Management,2022-03-06,Gloriane,Jopke
1090,Disaster Management,2023-02-22,Pauletta,Wrankling
1091,Disaster Management,2022-02-01,Toinette,Fraschini
1092,Fire & Rescue,2023-07-04,Inger,Farress
1093,Fire & Rescue,2022-04-19,Merralee,MacCostigan
1094,Disaster Management,2023-06-15,Kira,Stockman
1095,Disaster Management,2022-10-28,Crichton,Lerego
1096,Disaster Management,2023-07-28,Rhianna,Quantick
1097,Medical,2023-03-01,Enrichetta,Grodden
1098,Police,2022-04-05,Keslie,Kiossel
1099,Disaster Management,2022-07-19,Nickolaus,Bearcroft
1100,Medical,2023-08-27,Abie,Tuting
1101,Police,2023-06-09,Carolus,Hourihane
1102,Medical,2023-07-12,Tish,de Villier
1103,Medical,2022-07-02,Abigael,Aucott
1104,Police,2022-06-10,Juanita,Tallant
1105,Fire & Rescue,2023-03-30,Ursala,Betke
1106,Disaster Management,2023-10-16,Neale,Delacroux
1107,Fire & Rescue,2023-07-20,Cassaundra,Gillies
1108,Disaster Management,2023-12-27,Marlena,Stopps
1109,Medical,2022-11-15,Codie,Pods
1110,Police,2023-08-26,Carmelina,Buggy
1111,Medical,2022-04-16,Carlynn,Demaine
1112,Police,2023-06-29,Nevin,Gethings
1113,Medical,2023-03-20,Florrie,Hatherleigh
1114,Police,2022-11-24,Deanna,Mardlin
1115,Police,2023-06-13,Belinda,Packer
1116,Disaster Management,2022-12-01,See,Rosensaft
1117,Fire & Rescue,2023-11-29,Maureen,Soigoux
1118,Medical,2022-03-22,Lazarus,Manuel
1119,Fire & Rescue,2023-11-09,Jake,Siddele
1120,Police,2023-06-15,Berkie,Byrth
1121,Medical,2022-02-04,Graehme,Schule
1122,Police,2023-06-18,Tedra,Crooks
1123,Disaster Management,2022-09-18,Lewie,Spellissy
1124,Police,2023-09-26,Zackariah,Bramham
1125,Fire & Rescue,2022-11-21,Creighton,Sketh
1126,Medical,2022-03-14,Hermy,Skull
1127,Police,2023-08-30,Cecilio,Frontczak
1128,Disaster Management,2022-04-02,Debra,Newvill
1129,Disaster Management,2022-07-13,Lisle,Loveitt
1130,Medical,2023-07-20,Estell,Goldfinch
1131,Fire & Rescue,2022-11-29,Tanhya,Mc Trusty
1132,Fire & Rescue,2022-10-03,Celene,Wakeham
1133,Police,2023-04-04,Jessamyn,Corneil
1134,Police,2022-08-09,Ardenia,Massen
1135,Police,2022-08-18,Isiahi,Carnaman
1136,Fire & Rescue,2023-09-03,Mike,McCaskill
1137,Fire & Rescue,2022-03-17,Darcee,Stacy
1138,Police,2022-08-31,Warde,Gammell
1139,Police,2023-11-21,Lindsay,Passingham
1140,Police,2022-02-11,Bendick,Degenhardt
1141,Fire & Rescue,2023-09-04,Denni,Strowthers
1142,Fire & Rescue,2023-05-09,Shay,Kleinplatz
1143,Fire & Rescue,2023-11-25,Lucie,Copo
1144,Police,2023-10-19,Rodger,Ramas
1145,Fire & Rescue,2023-03-30,Fanechka,McKinnon
1146,Fire & Rescue,2023-05-24,Lorant,Keitley
1147,Fire & Rescue,2022-03-01,Renate,Upex
1148,Police,2023-02-22,Pinchas,Essel
1149,Disaster Management,2022-02-07,Rudolph,Skechley
1150,Disaster Management,2023-11-22,Shannon,Howard
1151,Fire & Rescue,2023-04-15,Selia,Bennie
1152,Disaster Management,2023-05-09,Edgard,Crabb
1153,Medical,2023-04-12,Wilburt,Golton
1154,Fire & Rescue,2022-05-26,Wallie,Scholtz
1155,Police,2022-03-09,Tomlin,Aleksankov
1156,Police,2022-02-18,Dene,Eberle
1157,Police,2022-04-22,Shurwood,Petric
1158,Police,2022-08-01,Elisha,Boffin
1159,Fire & Rescue,2022-02-04,Kippie,McPike
1160,Police,2022-02-20,Perri,Le Brom
1161,Disaster Management,2023-11-27,Conny,Hanrott
1162,Police,2022-09-02,Travus,Colwill
1163,Fire & Rescue,2023-09-22,Zonda,Meiner
1164,Fire & Rescue,2023-04-13,Sarajane,Goalby
1165,Disaster Management,2022-08-28,Lev,Natalie
1166,Disaster Management,2023-08-07,Flori,Kinchlea
1167,Medical,2023-11-12,Sharline,Probert
1168,Police,2023-08-01,Boone,Dybald
1169,Police,2022-01-21,Chantalle,Dauby
1170,Medical,2023-04-25,Codie,McLay
1171,Fire & Rescue,2023-10-29,Carlyn,Layfield
1172,Medical,2023-04-12,Kev,McVaugh
1173,Medical,2023-01-15,Kandace,Buttriss
1174,Police,2023-12-01,Laural,Cullivan
1175,Disaster Management,2022-07-16,Shannon,Mc Grath
1176,Police,2022-08-01,Lisette,Johansen
1177,Medical,2023-08-14,Nike,Tremblett
1178,Fire & Rescue,2022-04-14,Julee,Harefoot
1179,Medical,2023-09-20,Dalt,Featenby
1180,Medical,2023-05-13,Lem,Pavett
1181,Medical,2022-03-14,Joaquin,Atlay
1182,Fire & Rescue,2022-03-25,Clarey,MacMechan
1183,Fire & Rescue,2022-10-17,Doralynn,Haycroft
1184,Police,2023-07-05,Elizabet,Middell
1185,Fire & Rescue,2022-01-29,Bambi,Piatkow
1186,Police,2022-09-06,Zachariah,Drysdale
1187,Medical,2024-01-04,Marie-jeanne,Pickavant
1188,Disaster Management,2024-01-04,Seumas,Stops
1189,Disaster Management,2023-06-10,Wiatt,Guyer
1190,Police,2022-12-30,Jodie,Scanlan
1191,Police,2023-02-27,Fernande,Kunc
1192,Medical,2022-09-11,Tessie,Akred
1193,Disaster Management,2023-12-30,Caterina,Izakoff
1194,Disaster Management,2023-08-21,Margette,MacMearty
1195,Police,2023-08-05,Dennie,Szymczyk
1196,Disaster Management,2022-02-06,Gerrie,Duer
1197,Medical,2023-05-21,Jemmy,Robiot
1198,Fire & Rescue,2023-03-22,Wilone,Bangs
1199,Disaster Management,2022-03-20,Tamar,Llewellin
1200,Police,2022-01-25,Elsi,Flecknoe
1201,Police,2023-06-16,Christyna,Size
1202,Disaster Management,2023-07-17,Angel,Sirr
1203,Police,2022-08-06,Bryce,Elldred
1204,Police,2023-05-26,Leanor,Verralls
1205,Fire & Rescue,2023-12-02,Tremayne,Masserel
1206,Disaster Management,2022-09-05,Adiana,O Corrane
1207,Medical,2022-08-12,Shaw,Tringham
1208,Medical,2022-12-01,Gay,Benedtti
1209,Fire & Rescue,2023-07-08,Cassaundra,O Curran
1210,Police,2023-02-18,Bell,Vakhrushin
1211,Medical,2023-09-09,Sascha,Gingles
1212,Disaster Management,2022-11-17,Shaylah,Tweedlie
1213,Medical,2022-02-11,Chic,Allwell
1214,Fire & Rescue,2023-07-28,Arlinda,Birkmyre
1215,Police,2022-02-24,Robers,Dobbinson
1216,Medical,2023-04-08,Tanner,Nial
1217,Medical,2023-01-23,Wallace,Sappy
1218,Police,2022-04-18,Carson,Pinch
1219,Disaster Management,2023-10-06,Em,Colerick
1220,Medical,2022-06-17,Lowrance,Tuffin
1221,Police,2022-10-10,Torrence,Skivington
1222,Medical,2023-09-08,Rene,Vecard
1223,Medical,2023-04-02,Gery,Kevis
1224,Police,2023-08-30,Montague,Swendell
1225,Disaster Management,2023-08-11,Wendell,Salsbury
1226,Fire & Rescue,2022-04-30,Gwendolyn,Pieracci
1227,Disaster Management,2022-10-19,Josepha,Raccio
1228,Medical,2023-12-12,Hulda,Mont
1229,Disaster Management,2022-02-26,Loni,Ciccetti
1230,Fire & Rescue,2022-12-04,Sherwynd,Bletso
1231,Police,2023-10-27,Donnajean,Hardern
1232,Police,2022-06-17,Odie,Cawdron
1233,Disaster Management,2022-05-24,Megen,Oliphand
1234,Fire & Rescue,2023-10-05,Stephan,Archdeckne
1235,Disaster Management,2023-03-20,Quill,Meriel
1236,Medical,2022-10-17,Sammy,Loyd
1237,Disaster Management,2023-08-25,Eolande,Ayrs
1238,Police,2023-03-01,Diandra,Ginglell
1239,Police,2023-10-31,Cleve,Gowen
1240,Medical,2022-06-12,Cecil,Wyse
1241,Police,2022-06-20,Nevin,Sams
1242,Police,2022-07-09,Marrilee,Dighton
1243,Disaster Management,2023-07-18,Clarita,Hymer
1244,Fire & Rescue,2022-02-25,Huberto,Applewhite
1245,Police,2023-11-04,Cesare,Oake
1246,Fire & Rescue,2022-09-15,Tess,Sapey
1247,Police,2022-05-11,Cherilynn,Shillinglaw
1248,Police,2022-06-24,Carmine,Babon
1249,Police,2023-03-05,Tucky,Brazenor
1250,Police,2022-08-11,Martguerita,Sommersett
1251,Fire & Rescue,2023-04-25,Myrtle,Allicock
1252,Fire & Rescue,2022-04-01,Mikol,Jellico
1253,Medical,2022-01-22,Rog,Stoffler
1254,Medical,2022-01-18,Udell,Danielli
1255,Disaster Management,2024-01-01,Clarine,Selwin
1256,Disaster Management,2023-06-19,Leela,Ledwich
1257,Medical,2023-04-24,Laurette,Powelee
1258,Fire & Rescue,2022-04-27,Issie,William
1259,Fire & Rescue,2023-07-14,Eb,Litherborough
1260,Medical,2022-01-13,Nye,Jenman
1261,Medical,2022-12-26,Janela,Hollington
1262,Disaster Management,2022-09-28,Mauricio,Acutt
1263,Police,2023-11-16,Paxton,Rodolfi
1264,Disaster Management,2023-08-09,Lonnard,Price
1265,Police,2023-05-30,Gard,Henmarsh
1266,Medical,2022-09-06,Arliene,Searles
1267,Fire & Rescue,2022-08-15,Naomi,Hardway
1268,Medical,2023-01-23,Hartwell,Emnoney
1269,Police,2022-02-22,Freddy,Barnett
1270,Medical,2022-03-03,Stacie,Eouzan
1271,Medical,2022-06-03,Gilemette,Corragan
1272,Disaster Management,2022-01-19,Dorelle,Sapson
1273,Police,2024-01-11,Rozelle,Swayland
1274,Fire & Rescue,2022-08-28,Avrom,Filasov
1275,Police,2023-10-09,Sella,Cornford
1276,Police,2023-08-02,Manda,Rastrick
1277,Medical,2022-09-21,Anita,Petriello
1278,Police,2023-02-01,Scotti,Schechter
1279,Medical,2023-01-09,Jo,Buzin
1280,Disaster Management,2022-10-10,Merry,Dartan
1281,Police,2023-10-24,Kari,Uren
1282,Police,2022-10-15,Darell,Rasch
1283,Disaster Management,2022-06-12,Vasily,Baddow
1284,Medical,2023-10-01,Errick,Poulgreen
1285,Fire & Rescue,2022-12-23,Jimmy,Cooney
1286,Medical,2023-01-23,Ilyssa,Jirusek
1287,Medical,2023-10-12,Ravi,O Cannavan
1288,Disaster Management,2023-04-07,Edgard,Tytherton
1289,Fire & Rescue,2023-09-03,Lydon,Sandyfirth
1290,Medical,2022-12-02,Reilly,Barnish
1291,Medical,2022-10-05,Yulma,Rois
1292,Police,2022-03-13,Eda,Guidera
1293,Fire & Rescue,2022-11-16,Catlin,Leaburn
1294,Medical,2022-10-28,Myra,Kyndred
1295,Police,2022-11-21,Emilia,Dinneges
1296,Police,2023-04-15,Coralie,Tuminelli
1297,Police,2023-02-09,Shalne,Darracott
1298,Police,2022-01-27,Sandie,Gurrado
1299,Disaster Management,2022-10-07,Ottilie,Leebetter
1300,Fire & Rescue,2023-05-04,Marty,Majury
1301,Disaster Management,2022-11-15,Doe,Huzzay
1302,Fire & Rescue,2023-09-05,Bentley,Marzelo
1303,Police,2022-08-25,Del,Haselup
1304,Police,2022-11-28,Ivar,Howlett
1305,Fire & Rescue,2022-09-30,Brigham,Noot
1306,Disaster Management,2023-12-28,Kirbie,Omand
1307,Fire & Rescue,2023-10-03,Marylinda,Reavell
1308,Fire & Rescue,2022-04-27,Scotty,Porter
1309,Medical,2023-01-23,Gilberto,Blakely
1310,Police,2024-01-02,Gleda,Heaven
1311,Disaster Management,2022-12-25,Davy,Conkey
1312,Disaster Management,2023-08-20,Katrina,Ruoff
1313,Fire & Rescue,2022-08-25,Mariele,Whitington
1314,Police,2023-05-30,Robina,Wharmby
1315,Medical,2023-04-05,Mattias,Cholwell
1316,Medical,2023-10-03,Florri,Joney
1317,Medical,2023-09-27,Heda,Glencorse
1318,Fire & Rescue,2022-07-14,Michel,Gannan
1319,Fire & Rescue,2022-05-25,Ertha,Chapple
1320,Fire & Rescue,2022-07-26,Gwynne,Pellew
1321,Police,2023-03-19,Ambrose,Bassett
1322,Fire & Rescue,2023-08-09,Ronny,Blanning
1323,Disaster Management,2023-11-07,Ansell,McCalister
1324,Police,2022-02-09,Caryl,Hedderly
1325,Fire & Rescue,2022-06-06,Alexis,Messenger
1326,Disaster Management,2023-11-09,Esmeralda,Cullin
1327,Disaster Management,2022-12-21,Harlen,Drew
1328,Police,2023-04-08,Kial,Stratford
1329,Fire & Rescue,2022-12-28,Gradeigh,Ledwith
1330,Disaster Management,2023-04-01,Domini,Waldie
1331,Medical,2022-01-15,Loren,Sneddon
1332,Police,2023-08-13,Grete,Widdowson
1333,Police,2022-07-11,Tirrell,Mimmack
1334,Fire & Rescue,2023-01-26,Ennis,Loude
1335,Police,2023-12-17,Thaine,Tobin
1336,Disaster Management,2023-11-29,Natividad,Bellwood
1337,Fire & Rescue,2023-04-02,Shelby,McSharry
1338,Disaster Management,2022-10-23,Vidovic,Klugman
1339,Medical,2023-08-04,Marybelle,Mangin
1340,Fire & Rescue,2022-11-28,Joaquin,MacRanald
1341,Fire & Rescue,2023-04-18,Blake,Hows
1342,Police,2023-12-12,Dorelle,Van Son
1343,Disaster Management,2022-04-12,Rora,Bateup
1344,Fire & Rescue,2023-10-04,Fiona,Antrack
1345,Medical,2023-03-06,Constantina,Schubbert
1346,Fire & Rescue,2023-09-08,Renato,Burlingame
1347,Fire & Rescue,2022-09-29,Yurik,Prandini
1348,Police,2023-05-20,Mil,Lauret
1349,Disaster Management,2023-09-22,Luciano,Imlacke
1350,Medical,2023-05-23,Pebrook,Lemasney
1351,Medical,2023-07-08,Michel,Rees
1352,Fire & Rescue,2022-07-22,Victoir,Batman
1353,Police,2022-04-01,Barbabra,Lamlin
1354,Fire & Rescue,2023-05-02,Cristin,Thomazet
1355,Police,2022-09-20,Abbe,Breyt
1356,Police,2022-07-26,Weylin,Greenough
1357,Medical,2022-12-31,Farley,Extal
1358,Police,2023-12-30,Corenda,Gabbitis
1359,Fire & Rescue,2023-12-13,Tracy,Leydon
1360,Fire & Rescue,2022-02-08,Trix,MacCartney
1361,Fire & Rescue,2022-10-02,Vidovic,Glyne
1362,Fire & Rescue,2023-02-12,Camel,Whapples
1363,Disaster Management,2022-12-28,Wallie,MacMenamie
1364,Disaster Management,2023-09-28,Isidore,Snoddy
1365,Fire & Rescue,2023-01-16,Marlo,Littler
1366,Disaster Management,2022-08-08,Robbert,Hedger
1367,Medical,2022-04-25,Kiley,Davidowich
1368,Medical,2023-04-26,Jordain,Biagini
1369,Disaster Management,2022-03-11,Flinn,Dunhill
1370,Police,2023-06-08,Theodor,Pickburn
1371,Police,2023-07-31,Yetta,Payn
1372,Medical,2022-08-25,Ranna,Vanyutin
1373,Medical,2022-03-28,Martina,Kunrad
1374,Fire & Rescue,2023-10-08,Larissa,Matcham
1375,Fire & Rescue,2022-04-21,Laurent,MacGowing
1376,Disaster Management,2022-12-01,Sterling,Philipart
1377,Fire & Rescue,2023-02-21,Arline,Bahlmann
1378,Medical,2023-08-03,Lynnett,Luther
1379,Fire & Rescue,2022-07-07,Eddi,Curneen
1380,Medical,2022-02-07,Felic,Burdess
1381,Police,2023-01-09,Stephani,Friedenbach
1382,Medical,2023-01-05,Gan,Redmain
1383,Disaster Management,2022-12-16,Andrej,Heeks
1384,Fire & Rescue,2022-11-08,Cam,Burles
1385,Police,2023-04-19,Rudyard,Verrillo
1386,Police,2022-08-12,Mirilla,Adrienne
1387,Fire & Rescue,2022-09-14,Jocko,Chatto
1388,Disaster Management,2023-12-28,Reube,Willcocks
1389,Fire & Rescue,2023-08-24,Jillene,Stainer
1390,Disaster Management,2023-08-14,Putnem,Teager
1391,Police,2022-05-30,Lazare,Odd
1392,Disaster Management,2023-12-27,Seline,Velez
1393,Police,2023-04-11,Erin,Cadney
1394,Police,2022-04-23,Berni,Houndesome
1395,Medical,2022-01-22,Mariska,Ledbetter
1396,Medical,2023-07-26,Pail,Meade
1397,Disaster Management,2023-05-21,Alleen,Thurby
1398,Disaster Management,2023-05-29,Dorette,Batha
1399,Fire & Rescue,2023-09-09,Valenka,Brash
1400,Fire & Rescue,2023-09-06,Derek,Palmby
1401,Medical,2022-09-25,Deana,Barbey
1402,Disaster Management,2022-02-24,Eugine,Norcock
1403,Police,2023-04-22,Elle,Lugsdin
1404,Disaster Management,2023-03-20,Cornall,Atger
1405,Medical,2022-10-19,Matthias,Hall
1406,Police,2023-01-05,Marika,Nutbrown
1407,Medical,2023-02-12,Philippine,Macoun
1408,Medical,2022-03-16,Penny,Veneur
1409,Disaster Management,2024-01-09,Rana,Broscombe
1410,Fire & Rescue,2023-05-10,Ugo,Longhirst
1411,Disaster Management,2023-06-03,Chrystal,Tabord
1412,Police,2023-05-07,Quentin,Boakes
1413,Fire & Rescue,2023-02-03,Hamilton,Fittall
1414,Police,2022-07-17,Merrielle,Giraldo
1415,Disaster Management,2022-09-11,Joli,Shingles
1416,Police,2023-05-19,Zacharias,Linklater
1417,Disaster Management,2023-06-26,Hendrika,Peyto
1418,Fire & Rescue,2023-08-18,Mitchell,Bennen
1419,Medical,2023-06-20,Godfrey,Sarah
1420,Disaster Management,2022-07-01,Keefer,Bullocke
1421,Disaster Management,2022-01-18,Merrie,Benninck
1422,Police,2022-08-12,Greggory,Becks
1423,Police,2024-01-02,Cletis,Copland
1424,Fire & Rescue,2022-06-29,Basil,Lafranconi
1425,Medical,2023-04-23,Kiele,Pifford
1426,Police,2023-10-27,Dillon,Girogetti
1427,Medical,2022-12-21,Megen,Wanstall
1428,Fire & Rescue,2022-10-19,Enoch,Matthai
1429,Fire & Rescue,2022-03-20,Robina,Andries
1430,Disaster Management,2023-10-15,Faustina,Jablonski
1431,Fire & Rescue,2022-08-28,Graham,Oblein
1432,Fire & Rescue,2022-05-24,Lizzy,Boobier
1433,Disaster Management,2022-10-30,Napoleon,Miko
1434,Fire & Rescue,2023-01-26,Dalston,Rapin
1435,Disaster Management,2023-06-27,Benedick,Hastin
1436,Police,2022-03-21,Anselma,Ruger
1437,Fire & Rescue,2023-03-04,Stearn,Gilliver
1438,Disaster Management,2023-05-13,Bruce,Haisell
1439,Medical,2022-03-30,Rozelle,Mussolini
1440,Medical,2023-01-09,Michel,Conkie
1441,Disaster Management,2023-02-13,Alexine,Kinningley
1442,Police,2023-05-21,Benni,Fielding
1443,Police,2022-04-25,Flem,Dasent
1444,Disaster Management,2022-10-26,Eba,Dawidsohn
1445,Disaster Management,2022-11-23,Rosemaria,Oxherd
1446,Fire & Rescue,2023-08-19,Katharyn,Hofton
1447,Police,2023-12-04,Marcelia,Davydenko
1448,Medical,2022-06-24,Bev,Gimblet
1449,Police,2023-01-02,Almire,Cheavin
1450,Disaster Management,2022-07-13,Fabien,Cardis
1451,Disaster Management,2022-05-14,Andrus,Sushams
1452,Medical,2023-04-05,Annabal,Lawerence
1453,Police,2023-12-19,Carlota,Jackett
1454,Medical,2023-10-01,Myrtie,Orthmann
1455,Medical,2022-05-13,Lida,O Lyhane
1456,Disaster Management,2023-01-13,Care,Tanman
1457,Medical,2022-12-03,Gale,Doel
1458,Disaster Management,2022-12-03,Codie,Scoffham
1459,Fire & Rescue,2022-04-19,Cornie,Purviss
1460,Police,2023-11-25,Odessa,Evens
1461,Disaster Management,2023-04-14,Kenna,Sailor
1462,Fire & Rescue,2023-04-10,Daune,Redmain
1463,Police,2023-10-22,Cobby,Mant
1464,Police,2023-03-17,Arlinda,Vigors
1465,Medical,2023-08-10,Valerye,Bargery
1466,Police,2022-03-02,Delinda,McMylor
1467,Fire & Rescue,2022-04-02,Shoshanna,Kinton
1468,Disaster Management,2023-06-20,Damiano,Downer
1469,Fire & Rescue,2022-08-10,Archibold,Acres
1470,Police,2023-12-22,Julie,Crabb
1471,Police,2023-01-02,Conny,Water
1472,Police,2022-08-12,Renard,Bessent
1473,Fire & Rescue,2023-01-02,Nikos,Hucks
1474,Medical,2022-05-07,Cob,Colleymore
1475,Disaster Management,2023-04-15,Philis,MacCarrane
1476,Fire & Rescue,2023-07-14,Hinze,Kerrane
1477,Fire & Rescue,2022-09-22,Ellette,Arndtsen
1478,Disaster Management,2023-09-14,Honey,Litherborough
1479,Police,2022-04-08,Othello,Piatkowski
1480,Fire & Rescue,2023-12-14,Nonie,Igglesden
1481,Disaster Management,2022-03-05,Abba,Leport
1482,Police,2023-07-02,Avie,De Lascy
1483,Disaster Management,2023-03-25,Sylvia,Botha
1484,Medical,2022-03-12,Adler,Deakan
1485,Medical,2022-04-13,Gustavus,Danilin
1486,Fire & Rescue,2023-05-01,Roland,Swafford
1487,Disaster Management,2023-12-19,Astrid,Kubik
1488,Fire & Rescue,2023-08-28,Stern,Causbey
1489,Disaster Management,2022-11-09,Aubree,Piborn
1490,Disaster Management,2022-02-12,Peg,Drinkhall
1491,Medical,2022-01-24,Zahara,Raveau
1492,Fire & Rescue,2023-10-22,Malynda,McQuaide
1493,Fire & Rescue,2023-06-05,Timofei,Cuthbert
1494,Medical,2023-12-28,Hobie,Ramberg
1495,Fire & Rescue,2023-10-05,Suzanna,Nobles
1496,Fire & Rescue,2022-03-18,Zaria,Bissatt
1497,Police,2023-08-25,Zelma,Lyes
1498,Police,2023-08-03,Kristo,Burgess
1499,Disaster Management,2022-10-26,Neddy,Boribal
1500,Fire & Rescue,2022-09-18,Pansie,Kharchinski
1501,Fire & Rescue,2022-07-26,Miltie,Chater
1502,Police,2023-08-16,Ginnifer,Bosnell
1503,Police,2022-07-14,Devin,Ronnay
1504,Police,2023-11-20,Caren,Loidl
1505,Medical,2022-02-17,Dot,Borsnall
1506,Medical,2023-08-18,Vincenz,Coltherd
1507,Disaster Management,2023-11-17,Catlee,Claffey
1508,Fire & Rescue,2022-10-18,Kev,Zaniolini
1509,Medical,2022-09-13,Avigdor,Sprakes
1510,Police,2022-06-18,Trent,Kirtley
1511,Disaster Management,2023-12-26,Dottie,Rutherforth
1512,Police,2023-09-10,Sonni,McColgan
1513,Police,2022-10-09,Cordy,Castellanos
1514,Medical,2024-01-12,Puff,Klosges
1515,Police,2024-01-01,Karrah,Gaveltone
1516,Police,2022-02-09,Nevin,Matthai
1517,Police,2023-03-21,Gerry,Golder
1518,Fire & Rescue,2023-05-23,Kiley,Russon
1519,Disaster Management,2023-11-22,Katerina,Proby
1520,Disaster Management,2023-08-26,Jillian,Rootham
1521,Disaster Management,2022-10-02,Frasco,Larenson
1522,Medical,2022-02-26,Morten,Wenham
1523,Police,2023-05-03,Astrid,Constant
1524,Fire & Rescue,2023-10-06,Kellsie,Dene
1525,Police,2022-05-27,Jard,Mussard
1526,Fire & Rescue,2023-07-13,Cart,Glanville
1527,Fire & Rescue,2023-10-03,Devondra,Plaster
1528,Disaster Management,2023-02-26,Glyn,Gonsalo
1529,Medical,2022-12-05,Jessalyn,Llewhellin
1530,Fire & Rescue,2023-05-25,Jedd,Skedge
1531,Police,2023-10-06,Jamey,Impson
1532,Disaster Management,2023-08-17,Karrie,Mapother
1533,Fire & Rescue,2022-05-09,Alejandro,Goldspink
1534,Police,2023-09-01,Bealle,O Dea
1535,Medical,2023-12-27,Cale,Dohms
1536,Medical,2022-04-01,Archer,Georgi
1537,Fire & Rescue,2022-08-04,Corie,Heningam
1538,Medical,2023-06-23,Ettie,Kellaway
1539,Fire & Rescue,2022-07-21,Link,Pendlebury
1540,Medical,2022-12-17,Debra,Symper
1541,Disaster Management,2023-09-13,Gardner,Dufoure
1542,Fire & Rescue,2023-02-18,Sven,Bene
1543,Police,2023-09-17,Lana,Ruoss
1544,Disaster Management,2023-06-28,Grannie,Extal
1545,Disaster Management,2022-09-29,Margeaux,Girk
1546,Fire & Rescue,2023-04-28,Myrna,Owers
1547,Medical,2023-01-26,Elnar,Snailham
1548,Medical,2022-10-28,Frazier,Brushneen
1549,Fire & Rescue,2022-05-05,Roma,Izac
1550,Disaster Management,2022-01-21,Corbie,Dunbobin
1551,Fire & Rescue,2023-05-10,Delcina,Speare
1552,Fire & Rescue,2022-03-05,Chery,Hauxwell
1553,Fire & Rescue,2023-08-15,Rozelle,Randle
1554,Medical,2022-04-28,Thelma,Sennett
1555,Fire & Rescue,2022-08-29,Torie,Leifer
1556,Police,2022-04-11,Cheryl,Krienke
1557,Disaster Management,2022-11-06,Colan,MacGillreich
1558,Disaster Management,2023-10-29,Trisha,Assante
1559,Fire & Rescue,2022-03-11,Marcy,Scholfield
1560,Disaster Management,2022-03-31,Winni,Mountstephen
1561,Disaster Management,2022-10-06,Jdavie,Valero
1562,Police,2023-12-09,Felipe,Adamek
1563,Disaster Management,2023-12-23,Celisse,Ditch
1564,Disaster Management,2022-09-14,Tam,Brooksbie
1565,Disaster Management,2022-10-20,Sebastien,Cruwys
1566,Medical,2022-11-30,Ianthe,Targetter
1567,Disaster Management,2023-07-13,Claybourne,Rubinovitsch
1568,Police,2022-08-08,Karlik,Hauxley
1569,Police,2023-05-22,Jedediah,Wakeford
1570,Disaster Management,2022-09-21,Fayette,Gorgen
1571,Police,2022-12-01,Golda,Deluca
1572,Fire & Rescue,2022-02-13,Winifield,Kirsopp
1573,Medical,2022-05-23,Cate,Nickoles
1574,Medical,2022-04-25,Tamra,Huskisson
1575,Fire & Rescue,2022-11-18,Mamie,Rigeby
1576,Fire & Rescue,2024-01-12,Gian,Husset
1577,Police,2023-09-15,Gray,Sysland
1578,Medical,2022-04-29,Odo,Bagguley
1579,Disaster Management,2022-10-23,Gelya,Meeson
1580,Disaster Management,2023-01-19,Douglass,Theakston
1581,Disaster Management,2023-03-06,Kaycee,Tinston
1582,Medical,2022-12-16,Annadiana,Petracchi
1583,Police,2022-08-01,Doloritas,Germon
1584,Medical,2022-04-12,Amerigo,Djordjevic
1585,Fire & Rescue,2022-04-30,Herrick,Grimsdike
1586,Fire & Rescue,2023-03-07,Heddie,Oxenden
1587,Police,2022-11-04,Silvanus,Coan
1588,Medical,2023-12-29,Woodman,Massow
1589,Medical,2023-02-12,Nariko,Bresman
1590,Police,2023-04-20,Siouxie,Judgkins
1591,Fire & Rescue,2023-11-05,Gabi,Foyston
1592,Fire & Rescue,2022-07-21,Torry,Aplin
1593,Medical,2022-11-23,Karlie,Desson
1594,Police,2023-09-28,Karrie,Gregan
1595,Medical,2023-08-31,Clementia,Aspinwall
1596,Medical,2022-07-09,Faye,Dearness
1597,Medical,2023-07-05,Margeaux,Hutchcraft
1598,Police,2022-03-21,Missy,Pannett
1599,Disaster Management,2023-03-01,Laney,Sidwell
1600,Fire & Rescue,2022-02-02,Cassondra,O Donoghue
1601,Police,2022-08-11,Opal,Ethridge
1602,Fire & Rescue,2022-09-28,Shelly,Beazleigh
1603,Medical,2022-10-24,Ely,Dorgan
1604,Police,2023-06-04,Aluino,Matchitt
1605,Police,2022-01-21,Talyah,Durtnel
1606,Disaster Management,2023-11-23,Gwenore,Kempe
1607,Police,2022-08-18,Bobby,Frays
1608,Police,2022-11-26,Gregg,Kluger
1609,Disaster Management,2022-07-06,Ricky,Linkin
1610,Police,2023-05-17,Marlowe,Spellar
1611,Fire & Rescue,2023-12-01,Stinky,Annion
1612,Fire & Rescue,2023-05-27,Shermie,Ashman
1613,Disaster Management,2022-03-12,Marshall,Swinney
1614,Police,2023-08-02,Roldan,Mendoza
1615,Disaster Management,2023-08-20,Cletis,Reasce
1616,Medical,2022-10-01,Moira,Braim
1617,Fire & Rescue,2022-03-14,Gusella,Fairbourn
1618,Police,2023-07-16,Rolph,Crimmins
1619,Disaster Management,2022-03-28,Taber,Caraher
1620,Medical,2022-07-21,Lillian,Cavaney
1621,Medical,2022-03-31,Rhea,O Donoghue
1622,Police,2023-03-12,Arnoldo,Whatmough
1623,Fire & Rescue,2022-03-21,Sarajane,Laverick
1624,Police,2023-07-02,Berny,Baden
1625,Disaster Management,2023-08-07,Bernardo,Schutze
1626,Disaster Management,2022-07-20,Aurelia,Minghetti
1627,Disaster Management,2022-03-24,Brade,Bunny
1628,Fire & Rescue,2022-05-21,Elmer,Ciotti
1629,Fire & Rescue,2023-07-23,Leicester,Sallis
1630,Fire & Rescue,2022-08-11,Andee,Chellam
1631,Disaster Management,2022-12-21,Galvin,Corter
1632,Disaster Management,2022-09-11,Dyane,Hannah
1633,Disaster Management,2023-09-14,Georgeanne,Neilands
1634,Police,2023-09-10,Felike,Golsthorp
1635,Police,2023-12-17,Evania,Briston
1636,Fire & Rescue,2023-06-16,Erny,Eastman
1637,Disaster Management,2022-10-02,Pennie,Pealing
1638,Fire & Rescue,2022-03-16,Tabitha,Fright
1639,Medical,2023-01-22,Gerik,Skillanders
1640,Medical,2023-12-09,Peggie,Broxap
1641,Medical,2022-04-27,Ronna,Wallwork
1642,Disaster Management,2023-09-19,Rachele,Bothwell
1643,Police,2023-06-22,Teena,Ruxton
1644,Police,2023-07-14,Virgilio,Baton
1645,Fire & Rescue,2022-09-06,Kelly,Dennert
1646,Disaster Management,2023-06-16,Almire,Longbottom
1647,Disaster Management,2022-01-19,Denni,Lansdowne
1648,Police,2022-04-28,Tonnie,Tasseler
1649,Police,2022-07-28,Jackquelin,Widdup
1650,Fire & Rescue,2023-05-08,Sim,Dafforne
1651,Fire & Rescue,2023-02-26,Clemmy,Arrell
1652,Police,2022-04-25,Adelbert,Eykelhof
1653,Fire & Rescue,2022-06-07,Arlene,Dew
1654,Medical,2022-11-06,Jannelle,Seagrave
1655,Disaster Management,2023-08-14,Lanni,Harnetty
1656,Fire & Rescue,2022-09-02,Paulina,Leeke
1657,Medical,2023-07-16,Karissa,Bottlestone
1658,Police,2022-02-08,Julia,Antowski
1659,Fire & Rescue,2022-07-01,Cyndy,D Arrigo
1660,Fire & Rescue,2022-12-16,Bendick,Boon
1661,Disaster Management,2022-02-24,Merill,Rogister
1662,Medical,2023-12-29,Darcee,Kalderon
1663,Fire & Rescue,2022-06-14,Mattheus,Olechnowicz
1664,Police,2022-12-14,Nanni,Orwin
1665,Disaster Management,2023-10-25,Rose,Emblen
1666,Medical,2022-02-07,Jeremy,Mithon
1667,Medical,2023-01-31,Constancy,Heartfield
1668,Fire & Rescue,2022-10-23,Jakie,MacCafferky
1669,Police,2023-06-23,Kristoffer,Pigne
1670,Disaster Management,2023-11-29,Waverley,De Fraine
1671,Fire & Rescue,2023-02-26,Zebulen,Tierny
1672,Medical,2023-10-22,Nichol,Scheffel
1673,Medical,2022-01-28,Wileen,Sellner
1674,Fire & Rescue,2023-06-17,Curt,Bernardino
1675,Fire & Rescue,2022-05-09,Gavrielle,Mendoza
1676,Disaster Management,2023-12-10,Giselbert,Rummins
1677,Disaster Management,2022-05-30,Charin,Cawthorne
1678,Medical,2022-10-27,Corene,Hake
1679,Police,2023-02-01,Mikey,Roony
1680,Fire & Rescue,2023-07-03,Allison,Winmill
1681,Disaster Management,2023-03-23,Georg,Huskinson
1682,Disaster Management,2023-04-14,Margette,Evemy
1683,Police,2022-07-27,Janka,Beernaert
1684,Disaster Management,2022-02-03,Wilmer,Fayter
1685,Medical,2022-06-13,Clarette,Burburough
1686,Disaster Management,2023-09-11,Gerti,Ludgate
1687,Fire & Rescue,2023-10-27,Sutherlan,Fissenden
1688,Fire & Rescue,2022-12-22,Walliw,Caseri
1689,Fire & Rescue,2023-09-30,Donnajean,Baal
1690,Police,2023-05-10,Fredek,Echalie
1691,Police,2022-01-13,Giustino,Springthorp
1692,Police,2022-11-13,Ruthie,De Michele
1693,Police,2023-10-08,Janetta,O Looney
1694,Medical,2023-03-26,Silvia,Lagneaux
1695,Disaster Management,2023-12-10,Nessy,Pullman
1696,Police,2022-04-04,Durand,Cooney
1697,Medical,2023-12-14,Sybille,Suthren
1698,Disaster Management,2023-11-29,Corrie,Durdy
1699,Medical,2022-11-15,Margo,Snooks
1700,Police,2023-03-06,Vail,De Nisco
1701,Police,2023-09-03,Ryon,Cronshaw
1702,Disaster Management,2023-11-28,Rebeka,Colisbe
1703,Medical,2022-02-07,Egan,Sharrier
1704,Disaster Management,2023-08-26,Jayme,Shoosmith
1705,Fire & Rescue,2023-07-14,Denna,Walpole
1706,Medical,2023-03-25,Candice,Huncoot
1707,Disaster Management,2022-02-24,Lefty,Melburg
1708,Fire & Rescue,2023-10-15,Ly,Hazel
1709,Disaster Management,2022-07-10,Nelia,Bahde
1710,Disaster Management,2023-12-01,Melita,Halpine
1711,Police,2022-03-14,Iorgo,Friel
1712,Medical,2023-05-26,Ive,France
1713,Fire & Rescue,2022-01-15,Tabby,Bockler
1714,Medical,2023-07-29,Rhea,Badby
1715,Disaster Management,2023-07-29,Garrick,Gooch
1716,Disaster Management,2022-05-28,Darci,Karlsen
1717,Disaster Management,2023-04-25,Welsh,Polendine
1718,Police,2022-11-10,Tiffany,Chastaing
1719,Fire & Rescue,2022-10-03,Jacinta,Joret
1720,Fire & Rescue,2023-06-30,Nina,Yuill
1721,Police,2022-12-21,Benedick,Rheubottom
1722,Police,2022-09-15,Leora,Ruck
1723,Police,2023-04-17,Lucho,Prine
1724,Medical,2022-03-11,Gabriella,Lakeland
1725,Fire & Rescue,2023-04-18,Ernest,Kindall
1726,Medical,2022-06-25,Robby,Kinastan
1727,Police,2023-11-27,Giusto,Laingmaid
1728,Fire & Rescue,2022-09-06,Georgine,Triggs
1729,Fire & Rescue,2023-01-11,Garrott,Dundin
1730,Fire & Rescue,2023-02-24,Olivia,Flook
1731,Disaster Management,2023-04-20,Marilyn,Tiler
